{
  "Profiles": [
    {
      "Name": "dynamic",
      "Guid": "E138CAFB-F95D-4576-9757-168FB65378E7",
      "Ansi 0 Color": {
        "Green Component": 0.11372549086809158,
        "Red Component": 0.10588235408067703,
        "Blue Component": 0.11764705926179886
      },
      "Ansi 1 Color": {
        "Green Component": 0.14901961386203766,
        "Red Component": 0.9764705896377563,
        "Blue Component": 0.4470588266849518
      },
      "Ansi 10 Color": {
        "Green Component": 0.8901960849761963,
        "Red Component": 0.7137255072593689,
        "Blue Component": 0.3294117748737335
      },
      "Ansi 11 Color": {
        "Green Component": 0.929411768913269,
        "Red Component": 0.9960784316062927,
        "Blue Component": 0.42352941632270813
      },
      "Ansi 12 Color": {
        "Green Component": 0.929411768913269,
        "Red Component": 0.5490196347236633,
        "Blue Component": 1
      },
      "Ansi 13 Color": {
        "Green Component": 0.43529412150382996,
        "Red Component": 0.6196078658103943,
        "Blue Component": 0.9960784316062927
      },
      "Ansi 14 Color": {
        "Green Component": 0.6117647290229797,
        "Red Component": 0.5372549295425415,
        "Blue Component": 0.6313725709915161
      },
      "Ansi 15 Color": {
        "Green Component": 0.9725490212440491,
        "Red Component": 0.9725490212440491,
        "Blue Component": 0.9490196108818054
      },
      "Ansi 2 Color": {
        "Green Component": 0.7058823704719543,
        "Red Component": 0.5098039507865906,
        "Blue Component": 0.0784313753247261
      },
      "Ansi 3 Color": {
        "Green Component": 0.5921568870544434,
        "Red Component": 0.9921568632125854,
        "Blue Component": 0.12156862765550613
      },
      "Ansi 4 Color": {
        "Green Component": 0.7607843279838562,
        "Red Component": 0.33725491166114807,
        "Blue Component": 0.8392156958580017
      },
      "Ansi 5 Color": {
        "Green Component": 0.3294117748737335,
        "Red Component": 0.5490196347236633,
        "Blue Component": 0.9960784316062927
      },
      "Ansi 6 Color": {
        "Green Component": 0.3294117748737335,
        "Red Component": 0.27450981736183167,
        "Blue Component": 0.34117648005485535
      },
      "Ansi 7 Color": {
        "Green Component": 0.800000011920929,
        "Red Component": 0.800000011920929,
        "Blue Component": 0.7764706015586853
      },
      "Ansi 8 Color": {
        "Green Component": 0.32549020648002625,
        "Red Component": 0.3137255012989044,
        "Blue Component": 0.3294117748737335
      },
      "Ansi 9 Color": {
        "Green Component": 0.3490196168422699,
        "Red Component": 1,
        "Blue Component": 0.5843137502670288
      },
      "Background Color": {
        "Green Component": 0.11372549086809158,
        "Red Component": 0.10588235408067703,
        "Blue Component": 0.11764705926179886
      },
      "Bold Color": {
        "Green Component": 1,
        "Red Component": 1,
        "Blue Component": 1
      },
      "Cursor Color": {
        "Green Component": 0.593540370464325,
        "Red Component": 0.9901629090309143,
        "Blue Component": 0.12078898400068283
      },
      "Cursor Guide Color": {
        "Red Component": 0.7021318674087524,
        "Color Space": "sRGB",
        "Blue Component": 1,
        "Alpha Component": 0.25,
        "Green Component": 0.9268307089805603
      },
      "Cursor Text Color": {
        "Green Component": 0,
        "Red Component": 0,
        "Blue Component": 0
      },
      "Foreground Color": {
        "Green Component": 0.6274510025978088,
        "Red Component": 0.6274510025978088,
        "Blue Component": 0.6274510025978088
      },
      "Link Color": {
        "Red Component": 0,
        "Color Space": "sRGB",
        "Blue Component": 0.734233021736145,
        "Alpha Component": 1,
        "Green Component": 0.3591606020927429
      },
      "Selected Text Color": {
        "Green Component": 1,
        "Red Component": 1,
        "Blue Component": 1
      },
      "Selection Color": {
        "Green Component": 0.30241936445236206,
        "Red Component": 0.30241936445236206,
        "Blue Component": 0.30241936445236206
      },
      "Use Bright Bold": true,
      "Unlimited Scrollback": true
    }
  ]
}
